{
    "msgData": [
        {
            "code": 12121212,
            "time": "2020-12-12 12:12:12"
        },
        {
            "code": 12121212,
            "time": "2020-12-12 12:12:12"
        },
        {
            "code": 12121212,
            "time": "2020-12-12 12:12:12"
        },
        {
            "code": 12121212,
            "time": "2020-12-12 12:12:12"
        },
        {
            "code": 12121212,
            "time": "2020-12-12 12:12:12"
        },
        {
            "code": 12121212,
            "time": "2020-12-12 12:12:12"
        },
        {
            "code": 12121212,
            "time": "2020-12-12 12:12:12"
        }
    ]
}